Workbook
Name Slicer_Category: #N/A
Name Slicer_MONTH: #N/A
Name Slicer_Region: #N/A
Name Slicer_YEAR: #N/A

Sheet Sales Data
A1: Order ID | B1: Customer Name | C1: Product | D1: Category | E1: Quantity | F1: Unit Price | G1: Sale Date | H1: Region | I1: Sales Amount
A2: ORD1001 | B2: Data Systems | C2: Laptop | D2: Peripherals | E2: 17 | F2: 294.94 | G2: 03/05/2024 | H2: North | I2: 5013.98
A3: ORD1002 | B3: Digital Solutions | C3: USB Cable | D3: Peripherals | E3: 20 | F3: 391.93 | G3: 02/16/2024 | H3: West | I3: 7838.6
A4: ORD1003 | B4: Cloud Nine | C4: Keyboard | D4: Peripherals | E4: 13 | F4: 248.92 | G4: 03/17/2024 | H4: South | I4: 3235.96
A5: ORD1004 | B5: Data Systems | C5: Monitor | D5: Accessories | E5: 10 | F5: 373.15 | G5: 01/01/2024 | H5: East | I5: 3731.5
A6: ORD1005 | B6: Cloud Nine | C6: Webcam | D6: Accessories | E6: 16 | F6: 394.59 | G6: 02/13/2024 | H6: South | I6: 6313.44
A7: ORD1006 | B7: Global Industries | C7: Desk Lamp | D7: Accessories | E7: 8 | F7: 335.63 | G7: 03/30/2024 | H7: South | I7: 2685.04
A8: ORD1007 | B8: Smart Tech | C8: Laptop | D8: Peripherals | E8: 16 | F8: 388.1 | G8: 03/04/2024 | H8: West | I8: 6209.6
A9: ORD1008 | B9: Digital Solutions | C9: Monitor | D9: Peripherals | E9: 19 | F9: 98.11 | G9: 01/23/2024 | H9: South | I9: 1864.09
A10: ORD1009 | B10: Data Systems | C10: Monitor | D10: Electronics | E10: 11 | F10: 437.7 | G10: 02/20/2024 | H10: North | I10: 4814.7
A11: ORD1010 | B11: Cloud Nine | C11: Desk Lamp | D11: Peripherals | E11: 16 | F11: 66.86 | G11: 02/01/2024 | H11: East | I11: 1069.76
A12: ORD1011 | B12: Acme Corp | C12: Desk Lamp | D12: Electronics | E12: 19 | F12: 17.43 | G12: 03/19/2024 | H12: East | I12: 331.17
A13: ORD1012 | B13: Data Systems | C13: Webcam | D13: Electronics | E13: 16 | F13: 268.31 | G13: 03/30/2024 | H13: North | I13: 4292.96
... A51: ORD1050 | B51: Digital Solutions | C51: Headphones | D51: Electronics | E51: 13 | F51: 401.92 | G51: 01/27/2024 | H51: East | I51: 5224.96

Sheet Employee Data
A1: Employee ID | B1: Name | C1: Department | D1: Job Title | E1: Hire Date | F1: Salary | G1: Years in Company
A2: EMP5001 | B2: Adelina Sellers | C2: Marketing | D2: Manager | E2: 08/15/2015 | F2: 147552 | G2: 9
A3: EMP5002 | B3: Madden Vaughn | C3: HR | D3: Developer | E3: 12/09/2022 | F3: 139890 | G3: 2
A4: EMP5003 | B4: Reign Wise | C4: Finance | D4: Analyst | E4: 06/16/2019 | F4: 123905 | G4: 5
A5: EMP5004 | B5: Frederick Holland | C5: IT | D5: Developer | E5: 04/23/2015 | F5: 56102 | G5: 9
A6: EMP5005 | B6: Mariah Hampton | C6: HR | D6: Analyst | E6: 07/23/2015 | F6: 148862 | G6: 9
A7: EMP5006 | B7: Hank McMillan | C7: HR | D7: Developer | E7: 08/13/2019 | F7: 99311 | G7: 5
A8: EMP5007 | B8: Oakleigh Velez | C8: Marketing | D8: Developer | E8: 01/07/2021 | F8: 42178 | G8: 3
A9: EMP5008 | B9: Kareem Knox | C9: IT | D9: Manager | E9: 06/14/2018 | F9: 58169 | G9: 6
A10: EMP5009 | B10: Kallie Warner | C10: Operations | D10: Director | E10: 02/22/2020 | F10: 141416 | G10: 4
A11: EMP5010 | B11: Jaxton Tapia | C11: Sales | D11: Developer | E11: 04/23/2020 | F11: 96946 | G11: 4
A12: EMP5011 | B12: Michaela Espinosa | C12: IT | D12: Coordinator | E12: 11/21/2018 | F12: 83418 | G12: 6
A13: EMP5012 | B13: Khalid Goodwin | C13: HR | D13: Analyst | E13: 06/05/2021 | F13: 48269 | G13: 3
... A31: EMP5030 | B31: Dominic Adkins | C31: Operations | D31: Director | E31: 04/11/2022 | F31: 147065 | G31: 2

Sheet Summary
A1: Sales Summary
A3: Total Orders: | B3: =COUNTA('Sales Data'!A2:A51) -> 50
A4: Total Sales: | B4: =SUM('Sales Data'!I2:I51) -> 156018.45
A5: Average Order Value: | B5: =AVERAGE('Sales Data'!I2:I51) -> 3120.369
A6: Total Employees: | B6: =COUNTA('Employee Data'!A2:A31) -> 30
A7: Average Salary: | B7: =AVERAGE('Employee Data'!F2:F31) -> 91968.233

Sheet Sales data cleaning
A1: Order ID | B1: Customer Name | C1: Product | D1: Category | E1: Quantity | F1: Unit Price | G1: Sale Date | H1: Region | I1: Total Sales | J1: Product Performance | K1: DAY | L1: MONTH | M1: YEAR
A2: ORD1001 | B2: Data Systems | C2: Laptop | D2: Peripherals | E2: 17 | F2: 294.94 | G2: 03/05/2024 | H2: North | I2: 5013.98 | J2: =IF(I2>5000,"GOOD","NORMAL") -> GOOD | K2: =DAY(G2) -> 5 | L2: =TEXT(G2,"MMMM") -> March | M2: =YEAR(G2) -> 2024
A3: ORD1002 | B3: Digital Solutions | C3: USB Cable | D3: Peripherals | E3: 20 | F3: 391.93 | G3: 02/16/2024 | H3: West | I3: 7838.6 | J3: =IF(I3>5000,"GOOD","NORMAL") -> GOOD | K3: =DAY(G3) -> 16 | L3: =TEXT(G3,"MMMM") -> February | M3: =YEAR(G3) -> 2024
A4: ORD1003 | B4: Cloud Nine | C4: Keyboard | D4: Peripherals | E4: 13 | F4: 248.92 | G4: 03/17/2024 | H4: South | I4: 3235.96 | J4: =IF(I4>5000,"GOOD","NORMAL") -> NORMAL | K4: =DAY(G4) -> 17 | L4: =TEXT(G4,"MMMM") -> March | M4: =YEAR(G4) -> 2024
A5: ORD1004 | B5: Data Systems | C5: Monitor | D5: Accessories | E5: 10 | F5: 373.15 | G5: 01/01/2024 | H5: East | I5: 3731.5 | J5: =IF(I5>5000,"GOOD","NORMAL") -> NORMAL | K5: =DAY(G5) -> 1 | L5: =TEXT(G5,"MMMM") -> January | M5: =YEAR(G5) -> 2024
A6: ORD1005 | B6: Cloud Nine | C6: Webcam | D6: Accessories | E6: 16 | F6: 394.59 | G6: 02/13/2024 | H6: South | I6: 6313.44 | J6: =IF(I6>5000,"GOOD","NORMAL") -> GOOD | K6: =DAY(G6) -> 13 | L6: =TEXT(G6,"MMMM") -> February | M6: =YEAR(G6) -> 2024
A7: ORD1006 | B7: Global Industries | C7: Desk Lamp | D7: Accessories | E7: 8 | F7: 335.63 | G7: 03/30/2024 | H7: South | I7: 2685.04 | J7: =IF(I7>5000,"GOOD","NORMAL") -> NORMAL | K7: =DAY(G7) -> 30 | L7: =TEXT(G7,"MMMM") -> March | M7: =YEAR(G7) -> 2024
A8: ORD1007 | B8: Smart Tech | C8: Laptop | D8: Peripherals | E8: 16 | F8: 388.1 | G8: 03/04/2024 | H8: West | I8: 6209.6 | J8: =IF(I8>5000,"GOOD","NORMAL") -> GOOD | K8: =DAY(G8) -> 4 | L8: =TEXT(G8,"MMMM") -> March | M8: =YEAR(G8) -> 2024
A9: ORD1008 | B9: Digital Solutions | C9: Monitor | D9: Peripherals | E9: 19 | F9: 98.11 | G9: 01/23/2024 | H9: South | I9: 1864.09 | J9: =IF(I9>5000,"GOOD","NORMAL") -> NORMAL | K9: =DAY(G9) -> 23 | L9: =TEXT(G9,"MMMM") -> January | M9: =YEAR(G9) -> 2024
A10: ORD1009 | B10: Data Systems | C10: Monitor | D10: Electronics | E10: 11 | F10: 437.7 | G10: 02/20/2024 | H10: North | I10: 4814.7 | J10: =IF(I10>5000,"GOOD","NORMAL") -> NORMAL | K10: =DAY(G10) -> 20 | L10: =TEXT(G10,"MMMM") -> February | M10: =YEAR(G10) -> 2024
A11: ORD1010 | B11: Cloud Nine | C11: Desk Lamp | D11: Peripherals | E11: 16 | F11: 66.86 | G11: 02/01/2024 | H11: East | I11: 1069.76 | J11: =IF(I11>5000,"GOOD","NORMAL") -> NORMAL | K11: =DAY(G11) -> 1 | L11: =TEXT(G11,"MMMM") -> February | M11: =YEAR(G11) -> 2024
A12: ORD1011 | B12: Acme Corp | C12: Desk Lamp | D12: Electronics | E12: 19 | F12: 17.43 | G12: 03/19/2024 | H12: East | I12: 331.17 | J12: =IF(I12>5000,"GOOD","NORMAL") -> NORMAL | K12: =DAY(G12) -> 19 | L12: =TEXT(G12,"MMMM") -> March | M12: =YEAR(G12) -> 2024
A13: ORD1012 | B13: Data Systems | C13: Webcam | D13: Electronics | E13: 16 | F13: 268.31 | G13: 03/30/2024 | H13: North | I13: 4292.96 | J13: =IF(I13>5000,"GOOD","NORMAL") -> NORMAL | K13: =DAY(G13) -> 30 | L13: =TEXT(G13,"MMMM") -> March | M13: =YEAR(G13) -> 2024
... A51: ORD1050 | B51: Digital Solutions | C51: Headphones | D51: Electronics | E51: 13 | F51: 401.92 | G51: 01/27/2024 | H51: East | I51: 5224.96 | J51: =IF(I51>5000,"GOOD","NORMAL") -> GOOD | K51: =DAY(G51) -> 27 | L51: =TEXT(G51,"MMMM") -> January | M51: =YEAR(G51) -> 2024

Sheet Dashboard

Sheet Employee data cleaning
A1: Employee ID | B1: Name | C1: Department | D1: Job Title | E1: Hire Date | F1: Name | G1: Years in Company | H1: Salary Rating | I1: Experience Status
A2: EMP5001 | B2: Adelina Sellers | C2: Marketing | D2: Manager | E2: 01/07/2021 | F2: 42178 | G2: 9 | H2: =IF(F2>100000,"High",IF(F2>60000,"Medium","Low")) -> Low | I2: =IF(G2>4,"Experienced","Fresher") -> Experienced
A3: EMP5002 | B3: Madden Vaughn | C3: HR | D3: Developer | E3: 01/12/2024 | F3: 91825 | G3: 2 | H3: =IF(F3>100000,"High",IF(F3>60000,"Medium","Low")) -> Medium | I3: =IF(G3>4,"Experienced","Fresher") -> Fresher
A4: EMP5003 | B4: Reign Wise | C4: Finance | D4: Analyst | E4: 01/14/2015 | F4: 71078 | G4: 5 | H4: =IF(F4>100000,"High",IF(F4>60000,"Medium","Low")) -> Medium | I4: =IF(G4>4,"Experienced","Fresher") -> Experienced
A5: EMP5004 | B5: Frederick Holland | C5: IT | D5: Developer | E5: 01/17/2023 | F5: 96313 | G5: 9 | H5: =IF(F5>100000,"High",IF(F5>60000,"Medium","Low")) -> Medium | I5: =IF(G5>4,"Experienced","Fresher") -> Experienced
A6: EMP5005 | B6: Mariah Hampton | C6: HR | D6: Analyst | E6: 01/20/2016 | F6: 100966 | G6: 9 | H6: =IF(F6>100000,"High",IF(F6>60000,"Medium","Low")) -> High | I6: =IF(G6>4,"Experienced","Fresher") -> Experienced
A7: EMP5006 | B7: Hank McMillan | C7: HR | D7: Developer | E7: 02/22/2020 | F7: 141416 | G7: 5 | H7: =IF(F7>100000,"High",IF(F7>60000,"Medium","Low")) -> High | I7: =IF(G7>4,"Experienced","Fresher") -> Experienced
A8: EMP5007 | B8: Oakleigh Velez | C8: Marketing | D8: Developer | E8: 03/04/2018 | F8: 60661 | G8: 3 | H8: =IF(F8>100000,"High",IF(F8>60000,"Medium","Low")) -> Medium | I8: =IF(G8>4,"Experienced","Fresher") -> Fresher
A9: EMP5008 | B9: Kareem Knox | C9: IT | D9: Manager | E9: 03/12/2024 | F9: 60639 | G9: 6 | H9: =IF(F9>100000,"High",IF(F9>60000,"Medium","Low")) -> Medium | I9: =IF(G9>4,"Experienced","Fresher") -> Experienced
A10: EMP5009 | B10: Kallie Warner | C10: Operations | D10: Director | E10: 03/13/2015 | F10: 107921 | G10: 4 | H10: =IF(F10>100000,"High",IF(F10>60000,"Medium","Low")) -> High | I10: =IF(G10>4,"Experienced","Fresher") -> Fresher
A11: EMP5010 | B11: Jaxton Tapia | C11: Sales | D11: Developer | E11: 04/11/2022 | F11: 147065 | G11: 4 | H11: =IF(F11>100000,"High",IF(F11>60000,"Medium","Low")) -> High | I11: =IF(G11>4,"Experienced","Fresher") -> Fresher
A12: EMP5011 | B12: Michaela Espinosa | C12: IT | D12: Coordinator | E12: 04/18/2023 | F12: 111912 | G12: 6 | H12: =IF(F12>100000,"High",IF(F12>60000,"Medium","Low")) -> High | I12: =IF(G12>4,"Experienced","Fresher") -> Experienced
A13: EMP5012 | B13: Khalid Goodwin | C13: HR | D13: Analyst | E13: 04/23/2015 | F13: 56102 | G13: 3 | H13: =IF(F13>100000,"High",IF(F13>60000,"Medium","Low")) -> Low | I13: =IF(G13>4,"Experienced","Fresher") -> Fresher
... A31: EMP5030 | B31: Dominic Adkins | C31: Operations | D31: Director | E31: 12/15/2015 | F31: 79009 | G31: 2 | H31: =IF(F31>100000,"High",IF(F31>60000,"Medium","Low")) -> Medium | I31: =IF(G31>4,"Experienced","Fresher") -> Fresher

Sheet KPIs
A1: Total Orders: | B1: =COUNTA('Sales data cleaning'!A2:A51) -> 50
A2: Total Sales: | B2: =SUM('Sales data cleaning'!I2:I51) -> 156018.45
A4: Average Order Value: | B4: =AVERAGE('Sales data cleaning'!E2:E51) -> 11.92
A5: Total Employees: | B5: =COUNTA('Employee data cleaning'!A2:A31) -> 30
A6: Average Salary: | B6: =AVERAGE('Employee data cleaning'!F2:F31) -> 91968.233
A7: Highest Salary: | B7: =MAX('Employee data cleaning'!F2:F31) -> 148862
A8: Lowest Salary: | B8: =MIN('Employee data cleaning'!F2:F31) -> 42178
A9: Total Salary High Tag Emloyees: | B9: =COUNTIF('Employee data cleaning'!H2:H31,"High") -> 11
A10: Total Salary Low Tag Emloyees: | B10: =COUNTIF('Employee data cleaning'!H2:H31,"Low") -> 7
A11: Total Experienced Employees | B11: =COUNTIF('Employee data cleaning'!I2:I31,"experienced") -> 17
A12: Total Fresher Employees | B12: =COUNTIF('Employee data cleaning'!I2:I31,"Fresher") -> 13

Sheet Vlookup Table
A1: Employee ID | B1: EMP5002
A2: Name | B2: =VLOOKUP(B1,'Employee data cleaning'!$A$1:$I$31,2,FALSE) -> Madden Vaughn
A3: Department | B3: =VLOOKUP(B1,'Employee data cleaning'!$A$1:$I$31,3,FALSE) -> HR
A4: Job Title | B4: =VLOOKUP(B1,'Employee data cleaning'!$A$1:$I$31,4,FALSE) -> Developer
A5: Salary | B5: =VLOOKUP(B1,'Employee data cleaning'!$A$1:$I$31,6,FALSE) -> 91825
A6: Experience Status | B6: =VLOOKUP(B1,'Employee data cleaning'!$A$1:$I$31,9,FALSE) -> Fresher
A7: Salary Rating | B7: =VLOOKUP(B1,'Employee data cleaning'!$A$1:$I$31,8,FALSE) -> Medium

Sheet Pivot Tables
A3: Row Labels | B3: Sum of Total Sales | D3: Row Labels | E3: Sum of Total Sales | G3: Row Labels | H3: Sum of YEAR | J3: Month | K3: Total Sales | P3: Row Labels | Q3: Sum of Quantity | R3: Sum of Total Sales | S3: Rank | U3: Row Labels | V3: Sum of Total Sales | X3: Row Labels | Y3: Sum of Total Sales
A4: 10 | B4: 4251.55 | D4: January | E4: 19417.44 | G4: 206.03 | H4: 2024 | J4: January | K4: =VLOOKUP(J4,D4:E6,2,0) -> 19417.44 | P4: Desk Lamp | Q4: 24 | R4: 812.52 | S4: =RANK(Q4,$Q$4:$Q$11,0) -> 4 | U4: Electronics | V4: 38640.31 | X4: East | Y4: 12293.51
A5: 11 | B5: 6675.9 | D5: February | E5: 10622.51 | G5: 331.17 | H5: 2024 | J5: February | K5: =VLOOKUP(J5,D5:E7,2,0) -> 10622.51 | P5: Headphones | Q5: 33 | R5: 8995.16 | S5: =RANK(Q5,$Q$4:$Q$11,0) -> 2 | X5: North | Y5: 16255.6
A6: 14 | B6: 2967.18 | D6: March | E6: 8600.36 | G6: 472.04 | H6: 2024 | J6: March | K6: =VLOOKUP(J6,D6:E8,2,0) -> 8600.36 | P6: Laptop | Q6: 48 | R6: 9609.85 | S6: =RANK(Q6,$Q$4:$Q$11,0) -> 1 | X6: South | Y6: 687.38
A7: 15 | B7: 4077.36 | G7: 481.35 | H7: 2024 | P7: Monitor | Q7: 28 | R7: 7781.88 | S7: =RANK(Q7,$Q$4:$Q$11,0) -> 3 | X7: West | Y7: 9403.82
A8: 17 | B8: 5326.46 | G8: 2967.18 | H8: 2024 | P8: Mouse | Q8: 17 | R8: 6675.9 | S8: =RANK(Q8,$Q$4:$Q$11,0) -> 5
A9: 19 | B9: 803.21 | G9: 3770.2 | H9: 2024 | P9: USB Cable | Q9: 4 | R9: 472.04 | S9: =RANK(Q9,$Q$4:$Q$11,0) -> 7
A10: 20 | B10: 4814.7 | G10: 4077.36 | H10: 2024 | P10: Webcam | Q10: 16 | R10: 4292.96 | S10: =RANK(Q10,$Q$4:$Q$11,0) -> 6
A11: 27 | B11: 5430.99 | G11: 4292.96 | H11: 2024 | S11: =RANK(Q11,$Q$4:$Q$11,0) -> #N/A
A12: 30 | B12: 4292.96 | G12: 4814.7 | H12: 2024
G13: 5224.96 | H13: 2024
G14: 5326.46 | H14: 2024
G15: 6675.9 | H15: 2024
